wt	G1KO	G2KO	G3KO	G4KO	G5KO	G6KO	G7KO	G8KO	G9KO	G10KO	G11KO	G12KO	G13KO	G14KO	G15KO	G16KO	G17KO	G18KO	G19KO	G20KO	G21KO	G22KO	G23KO	G24KO	G25KO	G26KO	G27KO	G28KO	G29KO	G30KO	G31KO	G32KO	G33KO	G34KO	G35KO	G36KO	G37KO	G38KO	G39KO	G40KO	G41KO	G42KO	G43KO	G44KO	G45KO	G46KO	G47KO	G48KO	G49KO	G50KO
G1	0.730868433332714	0.0095893166436321	0.795379622756953	0.871243193897444	0.733812550317335	0.80047639630257	0.847174115074941	0.840775927558406	0.825474557433476	0.8193230915969	0.83377667081572	0.781642592234835	0.797300321088985	0.71613278470642	0.871074381420252	0.862949615523652	0.770880397957512	0.79048767773596	0.787343263912498	0.853968943850867	0.848944011935372	0.820369818960781	0.814572377664874	0.824793222270901	0.798177154123527	0.793760448515968	0.812623533645346	0.8207557317143	0.799370087150105	0.750098002510628	0.8050468880934	0.813926111305684	0.821019266128768	0.767657800551583	0.83850597174392	0.804449783918403	0.822592694665561	0.825173890887191	0.827041864322163	0.805782757787403	0.751974791704955	0.775352126815159	0.846937665461607	0.795671762558637	0.800550143638566	0.743779675140265	0.794330218433353	0.802075922406612	0.762926135340514	0.759633179677572	0.77842229624107
G2	0.789379437430166	0.467052750374971	0.0283576318498562	0.399068380320353	0.43550990547756	0.76137599476151	0.768785142843517	0.789740638224784	0.735927824826218	0.80765268845081	0.812858654858148	0.740158723066916	0.746734293393019	0.798838188016052	0.772093968772195	0.76314722531311	0.785719909566358	0.754076257112474	0.766191488165105	0.753799600081575	0.7584118254423	0.741992462439734	0.763595695280748	0.771479088241519	0.772978134998624	0.853601959481547	0.734825604978943	0.745759083322258	0.76316238726173	0.8290842320756	0.754078025733746	0.823978355122453	0.796936739956366	0.74473417149481	0.801802994018373	0.789204557614963	0.800476476514618	0.765192681271936	0.780006656116265	0.794133040386442	0.84464197609035	0.751694163595722	0.83029496519887	0.751579253036133	0.822733704728995	0.799670280570915	0.800409807421427	0.859380630230288	0.812875691696339	0.804429353030732	0.796624963086229
G3	0.826678029215886	0.800093686975265	0.826027667504454	0	0.846439581186418	0.801494409258662	0.784774531606339	0.726369847651253	0.758767123686579	0.78981677705626	0.78871402840315	0.84185380501152	0.706330490222192	0.813112134820874	0.87962728123596	0.756206955850114	0.774556791653294	0.841583251961053	0.778524084158582	0.759123116225312	0.813022366028683	0.762146497992024	0.817527200908928	0.819419808303774	0.734027089429181	0.798468066278981	0.814685889096945	0.73504942119031	0.783626235897958	0.764155652947071	0.810141492322647	0.742205247953088	0.848034864559888	0.867943092945252	0.830502466405592	0.863747364116967	0.774946948162927	0.833911212981437	0.774760296607593	0.816475966625479	0.76221692203725	0.787072134485394	0.733442502959298	0.848192827778091	0.811754379804274	0.766721820381792	0.84325548324196	0.857421002676148	0.810887208812841	0.793291880555693	0.756006170513333
G4	0.800026382193276	0.813689779751406	0.753887105520732	0.792290613048387	0.0134531013407701	0.85951465844139	0.867280982216674	0.808681863925142	0.842473677101983	0.755309776765265	0.796727236147172	0.741941025754436	0.777223261849	0.792450987545564	0.832663256113427	0.815663640948067	0.748123093430582	0.768164726437768	0.728487842996979	0.772191682292058	0.747720440171717	0.800681769507014	0.79047837179842	0.748447671240502	0.821425754662215	0.794877940087432	0.81687754353641	0.787408348573587	0.827268170792707	0.8262405207074	0.732862920428847	0.83027713067406	0.834458683471508	0.797821786848775	0.727023447947782	0.752820577143119	0.81832279600839	0.83449831882926	0.781971607222779	0.777213550107925	0.748097866608477	0.753042877707952	0.745455146024697	0.813334945134592	0.812269458073606	0.724591292675279	0.76238841676876	0.75018057162754	0.774578429669378	0.8101937244228	0.825429710304952
G5	0.82773421358493	0.811323639511675	0.812188206363241	0.861844318356766	0.0904980488644646	0.0242596931447333	0.780813050992907	0.789859256392792	0.788635132220162	0.770995010263894	0.725644972740295	0.865004043155186	0.801640316316758	0.805476961270066	0.753358403110052	0.719866878345191	0.784353160483631	0.78293602182585	0.753755948211058	0.72696464019297	0.82543249786991	0.795350319305467	0.821143787206762	0.829240892384477	0.842516589889914	0.86945918625114	0.772845642305888	0.806546230086675	0.888050115956009	0.733472052095512	0.737279975991182	0.837765552523556	0.838820985803016	0.77790204618067	0.853328149662893	0.787774940633183	0.746052123762712	0.800994426153673	0.755074574155181	0.760376382378649	0.811864810063683	0.755372897369349	0.828069499479216	0.798764387029533	0.742765790907772	0.791045786471157	0.712541449470344	0.769959544434793	0.826358223509202	0.832584517604474	0.786611408472106
G6	0.310820262666446	0.331451142299398	0.406808452876343	0.310305097464033	0.0258716986653646	0.408513590353903	0	0.335198744119115	0.428502713289012	0.442175650662185	0.385389484183439	0.383143229392471	0.399441183414661	0.460454315429459	0.372659061721767	0.417748849569981	0.359896404022284	0.368657598168219	0.400936104082896	0.443504579078578	0.374493424582134	0.367028329631354	0.365165686537406	0.412433646216629	0.30057431143977	0.386292085525411	0.375622696501853	0.375836740449757	0.312324792651433	0.458945391312486	0.321460332789635	0.311053494282998	0.410855526306637	0.417561306155439	0.424006312941745	0.438580773965869	0.39809139485646	0.402158324146598	0.363638648848169	0.388517587929346	0.423864405401982	0.305479138941022	0.362050642800653	0.422936006514069	0.433350806278328	0.373626997393882	0.401380024410964	0.390997928475822	0.356596903368150	0.365350997393251	0.333875279974923
G7	0.622694122147389	0.654033524050772	0.654208707557243	0.747145608953203	0.0377763479326643	0.705566084943526	0.650176633402952	0	0.65499502294978	0.643208366118506	0.682954670817117	0.63920490933978	0.640395076394992	0.711211590738486	0.68417741890109	0.613774249550244	0.614620947184743	0.670489214296582	0.7573104868072	0.628081043630151	0.65492777976466	0.62795008549857	0.66940149148295	0.663619991626398	0.670483501025946	0.661461409779769	0.638572421609331	0.673489827251153	0.697932353564327	0.717398258294038	0.657754454559625	0.621614208376915	0.619366265666412	0.685007303481487	0.61585630524496	0.596709015646811	0.598722500473422	0.704615227321374	0.643553769815661	0.595602901293063	0.631213242618875	0.675608928804383	0.638805228584908	0.630804591299204	0.643527447742266	0.618987210756153	0.577719135535123	0.682246774790071	0.608178112740461	0.689039649899282	0.581114592337137
G8	0.414947801974146	0.390380999003763	0.38376841017085	0.382486317254617	0.0818954904807485	0.358311908067678	0.397371511318348	0.427284612393729	0	0.420704261530912	0.403446763094252	0.480206281390484	0.452188073412512	0.336657845954207	0.382795767519303	0.421788959700972	0.423470194105795	0.380948170731559	0.397138038776737	0.415396318006727	0.385837546990438	0.471368767197606	0.410627524355928	0.515681633671948	0.436087586852395	0.442206553876683	0.412648871867156	0.349827454697861	0.431051782838804	0.366835649538352	0.438632490544061	0.397582434324298	0.431228956901671	0.459763278547899	0.403628485043911	0.357174724424569	0.394088723911948	0.4163321833615	0.452307235453234	0.385156970018233	0.362379239210094	0.427315542662477	0.422367338570362	0.429126254231527	0.402806593337612	0.381111536816305	0.385824317707822	0.470164481800057	0.470214698139052	0.470801960546882	0.440135023665671
G9	0.387990196624487	0.418290680691268	0.426879224069886	0.457875671218303	0.078478869487064	0.447944265572353	0.448537620008902	0.417534173702807	0.397192497203845	0	0.365348503723662	0.360666259614902	0.417741726637451	0.362441448511185	0.412298901482831	0.43582147039405	0.445121685234166	0.40935545131626	0.465440623761372	0.470161891503983	0.456511110206003	0.378228476497364	0.388775868018462	0.395492913470964	0.384986856185368	0.468709633305739	0.448165104107492	0.448464571447409	0.381602672821169	0.441092712012502	0.453779439982348	0.449526966187996	0.414916894908861	0.447008480788821	0.433671559059732	0.415423081962894	0.388450972420572	0.413780658611108	0.292769313717931	0.458866725859659	0.370246037834483	0.359879291878003	0.388801938728331	0.489630251814021	0.448829717738526	0.465131789699387	0.402490551497896	0.438121191069453	0.406342280712784	0.361288835384599	0.414712042409315
G10	0.475838216674538	0.364715476222179	0.343444946498252	0.37615135257938	0.0232186375645492	0.370706457253794	0.392203504979297	0.45929105284119	0.369836651505729	0.312121891813833	0	0.403498121000342	0.37378035775553	0.411800566430576	0.439462451097124	0.363238555893951	0.359777788681582	0.3871139338715	0.375585777326635	0.470314464298	0.458317158522672	0.371832151615446	0.455849251621246	0.401921700638693	0.453054469070525	0.425791086057642	0.377256672804786	0.437968716338674	0.39245986508493	0.446569157747081	0.426436471284957	0.390287181183788	0.370952284889300	0.451794907166509	0.401117815199308	0.36429865892048	0.414463816992352	0.43359577336762	0.355910754837485	0.344091817675481	0.412814690879322	0.400455071237491	0.461357505911012	0.449915996458791	0.410242310961133	0.387427039503126	0.442072791794831	0.375474216442825	0.401017286218864	0.445788939875529	0.426921261915193
G11	0.437468346869754	0.428449116997742	0.440502533378727	0.469447630888465	0.0737695300332863	0.484327967096729	0.475822902088201	0.369430547348318	0.399224258120534	0.40737295258081	0.384804042713505	0.0508589083442069	0.414867001827229	0.441229800551666	0.387101835259782	0.383001900551023	0.451463196932907	0.342076442588772	0.400283380530452	0.452547372326537	0.442081693702173	0.471332692126486	0.417476857396236	0.393281931567533	0.435184270523974	0.427156960248819	0.461469374100706	0.361473695587265	0.482391904996987	0.44943348985901	0.458229692374962	0.38832309911882	0.434418240305741	0.515382207542419	0.377889720103333	0.451136371184351	0.465665824895826	0.496523183793828	0.465584766008098	0.392907657421724	0.432302643472108	0.43625079965221	0.421700303587064	0.453611622573262	0.448823229346524	0.524255879158799	0.469850005443235	0.414543042082169	0.484163533339904	0.465009001397083	0.461026055954077
G12	0.0503328968734568	0.0265613594414909	0.0912874734115692	0.0535511450530649	0.820077418679018	0.0767870697153828	0.169806368278623	0.110130064188410	0.0480728636812137	0.035009801693256	0.107685040058164	0.128234741557824	0.0427325781035109	0.0336144669759029	0.155811098280746	0.0497553455106705	0.05592133018474	0.0916227798646239	0.138643566867683	0.111735091533209	0.105689051945468	0.0355032549351919	0.0660000030387611	0.0303181706987972	0.176760293301781	0.074760727395519	0.0399499142581949	0.0349232552635369	0.0911986996625061	0.0823965024482667	0.135064395921504	0.155386859991602	0.0233330393987717	0.0905922814703672	0.0923696884581708	0.118019182941041	0.0907079946318173	0.145116378157533	0.0461095258808106	0.0821325079694186	0.101958173536901	0.0603533986613722	0.135627632476226	0.121307342375314	0.107267345633800	0.156538741236539	0.0720714362068303	0.110879506055144	0.149141377810607	0.0611560958871724	0.0689855998022578
G13	0.0947108237301264	0.122023171580177	0.0824036129583175	0.184953352913090	0.780990216941428	0.166316972128672	0.148877131932035	0.0570436296129907	0.0788927528636217	0.0720554061053393	0.0460288571097931	0.121510220739631	0.108471322531181	0.0376003363643329	0.140702884660415	0.165311202201954	0.128246460415890	0.0826052379056266	0.159243669644655	0.156817339989379	0.181683850380680	0.147945061184207	0.159481310130428	0.129142373980537	0.150870884990757	0.0734910463757677	0.146640620094684	0.123160084461412	0.120430711254401	0.111237981868461	0.160993121226281	0.185016338440796	0.0873890318237966	0.032753076431781	0.159514228899876	0.168144166015329	0.114351358782621	0.150869428336879	0.158532363091098	0.110017808482519	0.191243966675396	0.0897466494476439	0.122507195053803	0.168745577292027	0.110621161305665	0.126433644305867	0.128231522019308	0.156770501131657	0.119122026134302	0.0890121057267054	0.0670203352065971
G14	0.413459829927632	0.376158792551687	0.423410190348677	0.374721930525271	0.0446435654701207	0.460624717179013	0.411964978335521	0.423737004134865	0.401866624801057	0.411690994715933	0.388000247092449	0.49073246728035	0.26630106705628	0.385648057458077	0	0.468431786635026	0.366977780618037	0.0622848105327832	0.423925421455089	0.434722484011028	0.430380661501071	0.409392536681244	0.488635882236928	0.454938657414738	0.370381700803803	0.405033599759878	0.410291613698323	0.383899948965551	0.246777492659478	0.374949869339663	0.376663393878293	0.3980827061933	0.435558644589162	0.409137754547278	0.485185027887885	0.44503968329433	0.492030941254459	0.401504944583371	0.397444176642705	0.401748304831393	0.445981215672797	0.405202322300531	0.458384900422369	0.424111463493207	0.362017299629327	0.395197229781967	0.447947047234186	0.413000241409224	0.439384828499978	0.467381128660663	0.448286402500856
G15	0.642288630202068	0.565636399914483	0.652670706357721	0.69775897910731	0.013871953173675	0.66449378721854	0.618784898625973	0.60882903830551	0.663424822440306	0.625092564533274	0.593676723094768	0.650594236386771	0.573015022742847	0.635271404826596	0.566715547596879	0.046539713769748	0.598113091790634	0.0816611997304538	0.622284240526643	0.636011367446925	0.656536374123182	0.636262539657347	0.68258156190759	0.624881070220704	0.655948008487893	0.652408635676148	0.625521706684071	0.684025201991207	0	0.638456032272987	0.606703173235237	0.650434252443452	0.67781363875428	0.576712903407701	0.612845066103503	0.653221587897263	0.619419717895914	0.699197021052796	0.718359649319042	0.678999456992342	0.69638674316837	0.611264106750706	0.660667043773331	0.705462534072852	0.63178765998083	0.688955282628361	0.665034177927194	0.622042560083916	0.651630954516477	0.703722745426965	0.650605651743751
G16	0.169239294999354	0.131795829603018	0.155078112296227	0.100635201051398	0.201317249326525	0.122447256500636	0.130593836252988	0.0900678210407108	0.178913044982794	0.0760208403946477	0.106701874627864	0.135237346537021	0.105016467100891	0.190717503392365	0.114543613472302	0.0809706759283562	0.0567739825208903	0.168715632736937	0.104962469799972	0.427578102578708	0.052822119356303	0.289351813426145	0.125475592661563	0.303966148459639	0.0819809229330739	0.164225239324738	0.204161267685399	0.0672973173911732	0.119555434393019	0.130646379378600	0.154871491621471	0.231220364207823	0.205530833147405	0.129948694339279	0.193814781823253	0.0975963321367942	0.148710426231735	0.144737079894659	0.21320086852852	0.141882199168391	0.0778795245065038	0.121133889692883	0.103040332356483	0.141431531874513	0.117655912364684	0.183796758712743	0.0933173064828994	0.189809068233268	0.138231922711803	0.158090088037216	0.111229779987236
G17	0.793518977443432	0.817414530171418	0.766314898306969	0.798854170398597	0.844428191061593	0.758669566377623	0.796263772574645	0.772875466513491	0.781688648714975	0.79467304199417	0.774643815605406	0.831587611867154	0.825740351210071	0.799445843087474	0.827622701764145	0.748456174849395	0.799804966725698	0.0704960130000415	0.781394025273526	0.744458785413971	0.743003090900387	0.808233348461548	0.812701521864186	0.816322277767205	0.703353060250036	0.82050210269572	0.729738293410758	0.75984012841503	0.0193647031455674	0.778332961304969	0.807002116672121	0.835859577204177	0.706350644628432	0.747075266511853	0.737683177278592	0.784307695434412	0.779616391977815	0.74284492004835	0.834441402634133	0.763630776070689	0.745054979221496	0.791942653583983	0.788304472872642	0.829168690308181	0.725456861350325	0.76321802345855	0.78844756695731	0.792411323252457	0.766558485837891	0.842128027456137	0.827328122663598
G18	0.79712710776618	0.800710582852563	0.843684920379984	0.816866283579482	0.880887497043378	0.780227703735584	0.89640597230589	0.73644196782915	0.856851923979635	0.861346261385649	0.842979349825365	0.812209517952076	0.775003181851133	0.886819767533447	0.74181171002091	0.779680367994291	0.767313267736564	0.115213859701839	0.147876767027259	0.817280279902214	0.790169532549433	0.80428464102904	0.841327931815795	0.869623751214574	0.774153152510821	0.879064802490898	0.764475550970129	0.777057860654468	0	0.806976206596213	0.758992343998726	0.746633484194312	0.762247131314759	0.773739962404467	0.813520485165742	0.841890912444395	0.776831173375059	0.792157306239538	0.832542639654633	0.792558067716088	0.811010357821956	0.732533066041614	0.777453738795054	0.791769155670041	0.819338512866985	0.81302852758101	0.825227023985398	0.814716299270572	0.741737067656608	0.771008740663412	0.780830220920515
G19	0.79957670029811	0.750469667296947	0.805631359925517	0.804904370254112	0.795241611730352	0.849304802507095	0.724806959810778	0.866767054752635	0.84896848733416	0.823733053602872	0.755563414111456	0.750823442441702	0.706496359539158	0.835722160364736	0.766609241119068	0.833184974909671	0.75018662903993	0.792551318737997	0.747432463498326	0	0.752629410547656	0.75997689955211	0.80339812706045	0.795898623344993	0.787350255887549	0.817668075431468	0.816725220783899	0.750612383102356	0.831697447242161	0.828242678054425	0.770498601015501	0.844064013267983	0.771537379287022	0.757174687283717	0.736931741890661	0.760077899891222	0.845354393995981	0.831388518102022	0.826030830116011	0.742873012764386	0.8470704410539	0.813986835564546	0.752928418380314	0.829664647506167	0.81336947757935	0.760418704455362	0.822089172356336	0.759753702162954	0.730164272170494	0.762454880193269	0.808174075964513
G20	0.0566876269978874	0	0.0107677824899153	0	0.0113435198639853	0.0103255232376813	0	0.0109646182125588	0	0.0657055264003998	0	0	0.07998636247652	0.0773939554774873	0.00633928668441341	0	0.0303702996590704	0.0136998258867482	0	0	0	0	0.0448970186979241	0.0442124366934699	0.0238833719383271	0	0	0.0227506395011820	0	0.0582933712945096	0	0.0238445160411670	0.00356304097287128	0.00349061259295818	0	0	0.00837148783868349	0.027401907544598	0	0.0302870323528372	0.00236371872206849	0	0	0.0548197274004208	0.0565083976537135	0.0197057625630283	0	0.00673916879397756	0	0.0176335622616161	0.0308015246104392
G21	0.713758671796595	0.815353624775837	0.902121523866962	0.798238826682436	0.750324141549908	0.830040616300533	0.819925948277137	0.753857563301928	0.78811455651346	0.78118703034536	0.757404571344928	0.815163936672518	0.758944766479149	0.807765630585337	0.792474851934023	0.74645110931709	0.736856200508565	0.855916715379501	0.776386440231703	0.804743568363073	0.767957991887202	0	0.753948456131464	0.0252495686162951	0.809042318699137	0.872063893214086	0.846434247568584	0.764088433784832	0.764194687511432	0.806481668122848	0.828039896331341	0.847739911900419	0.78612166994813	0.804976594413696	0.751783037826745	0.791903991656927	0.769930548063815	0.802790683747878	0.78385600379629	0.79426955165932	0.744340570653801	0.759498185915552	0.821586813886442	0.842889221473301	0.837233929597012	0.766972831925855	0.835218370197345	0.780562919755788	0.795895782782148	0.825319876177856	0.751014516599708
G22	0.0373539278182467	0.00703326545484571	0.0411691851451616	0.0240925202931039	0	0.019565290428447	0	0.0797933774795351	0.00078309616952894	0.054919234857534	0.10622786987548	0	0.082369898415875	0.0499683745252403	0.0177420332037892	0.0696927776831168	0.0465607427660748	0.0150833626266521	0.0383252541137834	0.027306045765404	0.0439914785522371	0.813273916636802	0.0857638331683673	0.79032858827369	0.119279665080572	0.0996776399665805	0.0794493881014755	0.0836547691610355	0.0464060998647129	0	0.0331652300521362	0.0263733364163706	0.0303556901717281	0	0.0386556787508291	0.0753801463393794	0.0692221991183867	0.0399506014679051	0.00248916082110575	0.0404680914710821	0.0274855949379436	0.0441980044160865	0.0156618752502576	0.141183224862046	0.0332608498028982	0	0.115501402834636	0.134022904808237	0.0627560496246902	0.0321424197630200	0.0425484933259255
G23	0.783763183548725	0.789815020938099	0.771075057405061	0.716698490054076	0.80627059833102	0.836405749408981	0.838996843385398	0.773797183593252	0.818152863787096	0.79863707358155	0.780035171686702	0.773564726038696	0.83036748653692	0.801786442746384	0.650280898692541	0.810627453584559	0.722757835046311	0.86704334768701	0.798295377011176	0.799535341286037	0.805548283056983	0.770068369359322	0.829676441232444	0	0.786841786675973	0.784417502261221	0.781708137920915	0.826919108876581	0.802477754131834	0.758768814665535	0.8050143758057	0.785755207116701	0.839102600367551	0.793452760321185	0.756628784453712	0.721492862219426	0.838010926353012	0.768066874809332	0.836211942385725	0.753901981678097	0.794415294139137	0.765371820118127	0.812293427418504	0.783928467806056	0.783734766997163	0.759860285718461	0.808347327686337	0.79341087532556	0.810385995416884	0.816053749001315	0.746191039845335
G24	0.828923988409242	0.81644963648214	0.789113653740043	0.744499997609775	0.783299555062858	0.763695892472715	0.80340808870055	0.760601328258932	0.84931977616437	0.836994038445168	0.71216561503398	0.783665422436823	0.807939172846311	0.794352983768481	0.891734451197276	0.768394172344656	0.759780573798839	0.728011476645609	0.794876955276812	0.859669461839652	0.787969975200813	0.824857214230707	0.83818301795535	0.724315387906838	0	0.792652045978322	0.770945069604272	0.777518656192938	0.744414862225637	0.702858152206404	0.753960900396913	0.789313675902606	0.815562808847635	0.735762608434329	0.828190581728282	0.710291415062127	0.828957154067114	0.840374176748202	0.769884471773243	0.79621839763876	0.806674591318144	0.765639207814062	0.834311968723438	0.740759077183852	0.725205583591607	0.828905952649716	0.811892537071249	0.77080737599927	0.765478062824102	0.858699895978286	0.794848195064446
G25	0.417830793271579	0.514497306954191	0.427564227505838	0.509391119662477	0.483883619612817	0.417941082954314	0.483842204204811	0.46722157130391	0.385356966095669	0.380780384161445	0.47368907699826	0.496657386099348	0.377540595596197	0.394715925949755	0.466559975559926	0.374436054290518	0.479498282113982	0.4799435749835	0.504133077828926	0.470175627842985	0.353875112402324	0.443038440628261	0.788481029646407	0.44098061215827	0.482973725750838	0	0.384180230325155	0.462058801616039	0.484336711756134	0.420703690591052	0.38589050893503	0.408778095341278	0.408669341985709	0.48935094587045	0.392158363674712	0.380173902210016	0.419316154340316	0.455376599496901	0.432095600223702	0.426800757381284	0.414023752068884	0.501622300069703	0.465671105743845	0.389778270703079	0.467676447352199	0.504650495420885	0.468199138710060	0.407496889521534	0.389480851775726	0.464546598251029	0.476132512363311
G26	0.415353049512609	0.380003891840286	0.388421521461421	0.410979126368324	0.438352764206165	0.437975550056898	0.478863738304107	0.441718641066515	0.44410515856512	0.43677728334386	0.417554727424445	0.396376916834959	0.470316767784016	0.39806532564111	0.371243493757713	0.410324388208828	0.436091256321059	0.324867679267998	0.418018194714607	0.399766452458618	0.384247821446802	0.370765803273499	0.357960427392555	0.760247430428627	0.303912732502926	0.451052655564426	0	0.362770385811558	0.424903011801173	0.414626855420932	0.438409398118877	0.466036997451047	0.359318987761928	0.415200650836596	0.401717992044055	0.437307969860041	0.480183424502974	0.392708135511713	0.414595001570753	0.42769128979935	0.418614516811303	0.464038570881924	0.372955315343077	0.40163573281185	0.440056015063022	0.433959402474198	0.478434386856098	0.374228797540974	0.389326271742486	0.459328305884022	0.460027084639412
G27	0.712689868248355	0.690139105862685	0.59401121746859	0.780492137702399	0.753168855584315	0.725769137502486	0.647525901713986	0.726582411735807	0.743775502577656	0.676823385139565	0.781371184219894	0.643439143541253	0.721097920453875	0.71932868796013	0.645627365453723	0.620332474928321	0.718417661291022	0.767441472886107	0.743137582895818	0.712285622071561	0.67355272787365	0.757849171860878	0.68505260317667	0	0.739018748609853	0.668681083584076	0.720988174777602	0.0435537872737492	0.68988703722082	0.651952599599381	0.667290009326791	0.734930718525305	0.705847943522245	0.703936298069903	0.72484354633067	0.76662210925136	0.717561734319181	0.689975837120029	0.747382211707118	0.787469947319288	0.705890908928515	0.69412655182543	0.72188968966477	0.791401740913806	0.696293881613477	0.776549063227523	0.73136250119476	0.657481872253832	0.629299436813869	0.641845472188649	0.72607443201149
G28	0.772236963301378	0.78457436463739	0.775225340392523	0.769196841894914	0.780393761034273	0.793621120357933	0.857646062852553	0.766776391204552	0.795762822547766	0.795942958965447	0.791750643176623	0.819764530805699	0.723151159285748	0.775504739391261	0.812152955066635	0.824013040192631	0.807058407215547	0.787499318283603	0.737676530604463	0.83966153058046	0.772243925193914	0.85379971922824	0.74077165184485	0.792078071109513	0.745211672709582	0.812895535097989	0.761599095976869	0.776320819984166	0.0379343279459185	0.837598909729099	0.794175789906286	0.77280315064422	0.786965516267851	0.83109815586318	0.81573856660033	0.747330984761128	0.8693614590297	0.8253494731804	0.79781796201055	0.746021287103774	0.750645101110674	0.797056899730457	0.752131839517178	0.854107890935448	0.797653323230937	0.795800908507152	0.767571530674397	0.789493067920487	0.919589225559032	0.77932016690014	0.792770465335255
G29	0.562905384952501	0.59878190296204	0.57744335940816	0.58952426865855	0.64211219852952	0.600593151027807	0.610736666196314	0.611979061482142	0.659250897649441	0.589556869918961	0.582899573059343	0.619795136288201	0.601948208578083	0.521720433895715	0.637137241965541	0.583168166142075	0.580916736606757	0.476838590472057	0.660117557141621	0.58665041119278	0.637262682250856	0.713467005951608	0.0442828373797937	0.802241917026607	0.609420521034945	0.569707004265938	0.654840249131327	0.657486295286963	0.435969573826408	0.0750647554859175	0.566117816183438	0.574534476985022	0.580174078224840	0.594740990407410	0.62378842882466	0.63126798531527	0.647805729790953	0.617234041040426	0.755530666690042	0.602107789025118	0.530067971111632	0.58553939412402	0.54016233353953	0.635055002486943	0.626727524034731	0.575232806323015	0.584003133037635	0.563237862060835	0.574185814288324	0.562662428283815	0.526031171025735
G30	0.784982687246552	0.785549665640295	0.812219009505118	0.748566664966647	0.747552080495519	0.803707143027765	0.772514945536797	0.76973010596206	0.79948350362055	0.77985817084814	0.790129706223624	0.790603612772718	0.798275051301006	0.744364288011325	0.727380517619511	0.853238120904994	0.780561748345847	0.761465069462398	0.802345499332452	0.831548415682628	0.805640739768665	0.762121941089355	0.774117171572166	0.100390096685867	0.844126184131121	0.827380767438407	0.800211538753135	0.837937939934998	0.74216299720262	0.858619218858377	0	0.823855675070552	0.850146355024103	0.729469669667702	0.828778544712378	0.806800240612097	0.758649405678022	0.722684648918132	0.80600043986822	0.807365044462395	0.697392969149464	0.832140953833467	0.795079689677615	0.83030034287237	0.721981522765976	0.74146828683763	0.771144707248581	0.815286416399179	0.768279160192818	0.808733028940526	0.874072985364908
G31	0.730287416183454	0.756948004844661	0.863632739737974	0.702678110863331	0.792782692420143	0.755651366980011	0.773070797086198	0.824219430605491	0.818202398835935	0.741494875677515	0.778578922207172	0.690690036056365	0.739422101707535	0.71483837143268	0.811741862156937	0.79086263169603	0.795100341022542	0.777856093266333	0.794479596855554	0.775428242887801	0.785807560071016	0.782475336337237	0.0491114099987522	0.774733217686898	0.857241846185432	0.744865518351038	0.719379407251011	0.803476374061637	0.739876103569419	0.794724660007809	0.825353727330304	0.0673482482431618	0.775987455111884	0.769666040993777	0.736136363594411	0.757615219473037	0.705535449331071	0.80416424198302	0.766223389449803	0.737110149488387	0.683805120453175	0.769651448136918	0.777452423753544	0.77804103549296	0.749365220766886	0.777110448269653	0.76903939625855	0.724006545940874	0.789393124898312	0.859012139506811	0.824123931062066
G32	0.663548084435922	0.646571001124766	0.706319684436413	0.696960107281399	0.703339818301122	0.744855967729573	0.724077542375773	0.675523927078041	0.707082967511208	0.71068428278541	0.714377447235986	0.678823328802297	0.665254727754194	0.681675492082329	0.735969858570383	0.64836410036748	0.714398664784712	0.677378655631776	0.741728483944995	0.778987963574981	0.742424221490151	0.678114258003767	0.639803978905639	0.763095561863843	0.637215573154215	0.642000417944237	0.705283340020059	0.694165163735169	0.0676605267931345	0.753948092818668	0.753287489558448	0.653965784715777	0.0781191612323435	0.710189095459038	0.713769534842233	0.70330377326175	0.700712644861302	0.763066936581745	0.681516004328695	0.71846337190565	0.724452970858435	0.630216626032201	0.757393821623753	0.792942721591468	0.766536944816074	0.678636687429186	0.686593609926417	0.764854498509132	0.702878666072515	0.670253559386688	0.718789249210411
G33	0.652264488857419	0.715404462652378	0.652777995155861	0.700141709648449	0.653591265609966	0.65827935094265	0.624697898682088	0.698666578994277	0.72064969649206	0.646213682700667	0.652958515808087	0.63764780600196	0.696606323573047	0.685882468601837	0.791588303757496	0.67589303630077	0.729090100673588	0.691124386256736	0.709010925479853	0.753318693713423	0.69171744848153	0.0785643386702625	0.845821955056876	0.0339080395588831	0.637584907211686	0.675214416457459	0.651736431425729	0.745447271642037	0.747425336048289	0.660261713504434	0.678198193218684	0.72322867575542	0.703753758618958	0.044896130161813	0.642881824802649	0.65664322760222	0.686806478727663	0.71114786471315	0.805359506668122	0.656935166581188	0.670336575214103	0.7660090765816	0.680955646534612	0.693978857393479	0.641858003098214	0.697394479114529	0.716800619510406	0.668924317083415	0.648731251904243	0.715095444338886	0.742722105596249
G34	0.462359338107726	0.477072184784155	0.550351791681731	0.482590182230919	0.47334251462885	0.49040342101471	0.49879228238384	0.483003362866008	0.477116613200119	0.438556050095312	0.496295847637511	0.500687177449802	0.58844549480111	0.433561486721421	0.50679325098139	0.554806931145569	0.540507984606964	0.634294147245869	0.45277269893003	0.552080959368954	0.531670604542598	0.420728635631134	0.848331552548566	0.422033587335817	0.5064561788764	0.474973495447265	0.52699496216959	0.475295895994849	0.605535632983222	0.541157907625977	0.510515397928416	0.554809698860876	0.551467458811700	0.469393824911343	0	0.446485493275269	0.460616340089843	0.495836773673475	0.297157233076394	0.484990159705389	0.449065440056904	0.576989145955322	0.456790359749611	0.59171218431839	0.41274390748635	0.541231536397263	0.490496043664606	0.567840182794505	0.554459128737875	0.444049470520585	0.561581611032057
G35	0.120047286533076	0.112891640614496	0.132852450376937	0.128223091429904	0.0877454325690832	0.159214504639199	0.157764911424638	0.0749793673121475	0.146842566366194	0.0834546593008072	0.0293983638896077	0.119936831578053	0.0938553761692068	0.179311937451807	0.11423159747723	0.140243500887876	0.0833662269238934	0.0897042389095743	0.0985044849063958	0.118807943788545	0.142046358122944	0.817654292485431	0.0614324719198991	0.802521569352338	0.202648373442107	0.147774272899158	0.152601765856064	0.17233614072696	0.0654378627305742	0.152248231279389	0.119204828702230	0.142648335137336	0.0618061481975802	0.0726481273247455	0.102309875973068	0	0.107999133801020	0.113105773333513	0.0194506494588954	0.116249526096657	0.113009679994979	0.0817581422296922	0.125095585745940	0.139789006894035	0.108888000152009	0.185427570648318	0.160695289869075	0.149335061945037	0.109778701089446	0.164000683335657	0.0322692139413284
G36	0.427527061075376	0.405526215462172	0.37420594009092	0.420133866322028	0.387715963126837	0.377218389447809	0.521421693287509	0.417436569156222	0.358422773765991	0.382222382907181	0.406363524437277	0.466474839265895	0.515035739940154	0.420712571881118	0.464131275137984	0.43700625822833	0.427975503235066	0.398694154665516	0.434750142614195	0.397827525840118	0.411619788591931	0.391326104419535	0.448259490746742	0.829965413432035	0.382679964066885	0.436566927029101	0.454992136813086	0.430408482657098	0.373952826766716	0.429324957658871	0.485897175769058	0.476770974284508	0.378727814947968	0.488500103982224	0.435032122587873	0.435087025584861	0	0.475164826290941	0.435949506709856	0.429757794107201	0.356213819211898	0.383579981031303	0.457471900577266	0.405534753689224	0.354618198221359	0.406749058165105	0.421665020835005	0.410051373455229	0.447819865183642	0.429276025521515	0.380118043410122
G37	0.319423868945509	0.237235914060055	0.278349486494693	0.217514309628693	0.289368919683444	0.222138707425823	0.199948032103049	0.258188665191914	0.336259891296161	0.259427417240317	0.272379331808160	0.330481053616771	0.279374546418873	0.218841507527964	0.300546427292556	0.311302491012066	0.225246448835582	0.225219087928267	0.307498176744631	0.206190897232053	0.288771579738068	0.445409265841576	0.289219733418238	0.488638501437958	0.309540113437162	0.262194545819333	0.181396902719552	0.213587448598422	0.247712504245187	0.270407961926222	0.265469560880247	0.176211221733960	0.292620762937123	0.244288422913249	0.247833739357539	0.289450627052896	0.263168600906996	0	0.303812431827113	0.261811963594913	0.291551111163373	0.292414828854473	0.236055465467749	0.306926813335920	0.643509679485104	0.354449972850162	0.274520627066335	0.266417650412936	0.311870259549758	0.224841079796353	0.253754841840561
G38	0.53066498462837	0.448545563364184	0.446990140969774	0.54770879183599	0.465237714919126	0.526156250169344	0.524205091697563	0.568456322652371	0.461935411498594	0.542424217423125	0.490493783364636	0.557341472459966	0.52960850502994	0.528868417283859	0.440246049419014	0.51119833431987	0.470257550703643	0.81728034627268	0.47255323069912	0.520586865190826	0.538764786021124	0.495952119452141	0.812941914122714	0.483330415879534	0.550274780854866	0.500151909281719	0.524409228413919	0.476978288077639	0.809548606678113	0.478351475391567	0.452135593366168	0.444104458625834	0.595316345731222	0.520911052423125	0.450064481861333	0.496054759446191	0.41048251577673	0.491685366302992	0	0.522907432872805	0.465541839375123	0.541760349382142	0.55921479725361	0.457866819668653	0.500544279610824	0.443644461185808	0.548941071948933	0.472402076967554	0.58922848845966	0.4293597478071	0.479053868039576
G39	0.374379793574336	0.393108068032538	0.430761794249199	0.42112818562437	0.412712108285499	0.433812196794843	0.472558035621108	0.431009477246503	0.437603152825486	0.408753149662506	0.450799733481752	0.358827660825347	0.392988418670175	0.355221791722524	0.399339358274477	0.426560233507275	0.334498779911291	0.403412401215382	0.418159892768433	0.351840418301403	0.390458226430129	0.454195494157163	0.383075151401186	0.325036962161342	0.419503530073774	0.44562420551346	0.44252476168857	0.422416792301292	0.493996663762739	0.438838910949471	0.350196489689621	0.452412771748228	0.398565126818845	0.414726438568368	0.38371268142867	0.443591445772469	0.413841615662483	0.398983647035868	0.813363474348819	0.0283595783590446	0.438328736698921	0.347855804101361	0.30281430244145	0.410238998282279	0.390681330768324	0.457001135692387	0.369380083129296	0.454655330552678	0.491896572774051	0.387305830559115	0.375358403282546
G40	0.407493033900431	0.455315485107307	0.497455762818712	0.496312268255053	0.401153485465279	0.331311865027843	0.424786811475847	0.406470948733475	0.387669785992713	0.470838866655517	0.41819255306129	0.422219432044644	0.420397564845238	0.428477469746067	0.353838146709192	0.382653104930559	0.410828109397408	0.434046875057473	0.415410963206694	0.44692248895421	0.421836431371589	0.484288062252087	0.443694238390197	0.458699740968950	0.353090823667757	0.33661939199399	0.417727452135457	0.424274067683176	0.374807361200899	0.490291392530349	0.444224689870377	0.395355330594972	0.368665704616134	0.380767794223798	0.444319088812932	0.457399096456309	0.432147618356643	0.481491672417827	0.764797981126328	0.428794186138734	0	0.479465186328204	0.375043915656021	0.43676228408826	0.381302942013114	0.467871541855726	0.47516089385612	0.384577350624969	0.393823134101043	0.434534739114524	0.421392278779069
G41	0.205758514258478	0.144549017172514	0.178575405137904	0.121731349693643	0.184265193338308	0.205569830439724	0.208368867224677	0.139078540802980	0.173592654122094	0.200669706358301	0.136939366596464	0.240926395268373	0.140922526882450	0.161108328763419	0.155249180809779	0.292143022338302	0.190643536885908	0.185716326120084	0.244282615206034	0.154016716475248	0.177207913768306	0.183186429257503	0.214176135988071	0.177649748975247	0.215258300275281	0.191333039489842	0.196142909271405	0.13000842450252	0.23101067077039	0.203179968927897	0.173245312189585	0.149678771067890	0.238725466708217	0.178301814870921	0.157723683774367	0.170273000440921	0.203757750312797	0.237852086453065	0.752572065931208	0.162306693592279	0.165479491648721	0	0.211998264651402	0.189630367045872	0.170309807828649	0.149740546944944	0.171242567998021	0.224018242257878	0.225703213391125	0.188961927797028	0.247955551689067
G42	0.436720602391007	0.439195785181478	0.482742827397824	0.436472269180517	0.49220234139219	0.572201434159624	0.474216862039882	0.49241949455376	0.501505349818200	0.519115993370861	0.428472978354366	0.39056201254824	0.426720974485803	0.486391511027457	0.415044455701567	0.504660398569851	0.447475951591571	0.471720875314299	0.5258586384405	0.462199021438136	0.526954208410991	0.510553141013919	0.447625510377338	0.440278101959804	0.493355298201064	0.437905605644274	0.429051022150784	0.464300691048112	0.391333092376006	0.495484031279449	0.436708580626624	0.466851003838508	0.477408027412093	0.535169004401784	0.440725883077125	0.441822648223874	0.389374106649740	0.47482706444011	0.78917244604204	0.45091694921633	0.407987848240969	0.423155012090041	0.00186399399072859	0.480255680688276	0.40916042144377	0.480517411221931	0.479363825932856	0.492155726114579	0.475141348752076	0.395513798746458	0.481665703970582
G43	0.390874338905135	0.364046757504198	0.361108592784657	0.281420427882607	0.407540879227823	0.413837349663725	0.413086996850972	0.370241472514302	0.414050216899573	0.354952015083335	0.360445643338488	0.407566223150317	0.362359051365219	0.388557133850495	0.401203046966783	0.326843841653827	0.355654382206256	0.403935543417742	0.388789100365062	0.403896183655282	0.287174114584492	0.328458647992619	0.403510366548661	0.363501726189028	0.359199242713592	0.341218752635283	0.300321466714244	0.377464506468479	0.411793317950062	0.343307001805425	0.385168045854302	0.400385282313455	0.377696966540953	0.378344364398356	0.351571404787057	0.368946088702208	0.316677949549255	0.427508164420646	0.0831422481217827	0.395447226494987	0.366533463788645	0.39851248853708	0.289182533047362	0.0230437250619503	0.279854626827287	0.401020013562377	0.416831575044101	0.371977015506483	0.391025831524059	0.36688600316833	0.370121926596245
G44	0.441102694890363	0.447383978546991	0.420583092673744	0.407566361364028	0.512695168038944	0.425780329139579	0.399280742167124	0.458378051703409	0.359561528921041	0.394147209410574	0.425982799001825	0.396832651582618	0.424725140276551	0.399553324177463	0.417068928486544	0.392667932375733	0.387370712015019	0.420229577829505	0.453893634298276	0.406597922644800	0.428551076652802	0.0631936338642053	0.391371205658167	0.113127680230419	0.522850422805766	0.391305730674277	0.435005784280803	0.469923787769352	0.408358471579125	0.364565829295056	0.479610578942214	0.361080011328995	0.418185019448813	0.339546570522244	0.467435943660165	0.375790418743494	0.437889308723807	0.450573922800817	0.40882872012537	0.385228345313462	0.45458950048398	0.373672597780736	0.442277628723181	0.412990620337524	0.0860842831994594	0.391046517348519	0.381313239149331	0.388850571876336	0.408309745843305	0.382526225924732	0.424619252789512
G45	0.811264909360134	0.704385402500402	0.75347249913991	0.808935514952405	0.79954088023482	0.774784114036025	0.796424374478579	0.792091663426711	0.716862058454213	0.766528192536645	0.771379986732374	0.811159119558843	0.850859300561884	0.881673959200863	0.786116499737756	0.776589086788016	0.832514114425626	0.709359718652612	0.888127998322973	0.84248552931525	0.8318566844935	0.839398563761411	0.818445501091598	0.726653432432036	0.748989165502905	0.802340268414731	0.815983364229595	0.814683939872744	0.781726237471398	0.80561325407957	0.826971090738612	0.798203897084793	0.84443397250063	0.749109388669936	0.741968843645978	0.783879027307267	0.824438041092545	0.70623846089069	0.842927424231494	0.789737324749548	0.709418438010543	0.758805924716887	0.783343143034117	0.781327761498718	0.759124586251957	0.03001602092633	0.707192255478564	0.773666915730003	0.825044054273102	0.818719465492245	0.175596055887888
G46	0.0529834629833047	0.0239064654333441	0	0.0130102222150563	0	0	0.0667828897290526	0	0.0459383723173602	0.0461513562489052	0.00803923686271995	0	0.0898587374724894	0	0	0	0	0	0.00608790313198758	0.000393735570418868	0.00521967395211378	0	0.0118308689945765	0.00982395993019754	0.0253435765029652	0.0116184689662878	0.0559476186346027	0	0.069197268715318	0	0.0236544782130702	0.00638736951241931	0.0218476599663175	0.000295590414146753	0.0430438933684114	0	0.0205742068738044	0.0740024700104394	0.765862435800272	0.0297569710567536	0.0372871635372673	0	0.00336836061311715	0.0400277736503974	0.0928061394570729	0	0.020213291209243	0.0225079159813403	0	0.062772048830349	0.0286927905625423
G47	0.419255680491473	0.350269846919075	0.371582931529968	0.401109325320996	0.305145363780468	0.374532111618208	0.449518892157245	0.345971608811619	0.429888736513251	0.400027644226015	0.378259463097434	0.419396152704942	0.376017934090279	0.370700790591116	0.466226232603071	0.361351248712861	0.424642162750523	0.406999793408234	0.409317079280898	0.357356354334558	0.425287394662159	0.382824088081075	0.409362857249392	0.403603342558183	0.345176350982948	0.365003668763755	0.427806456422163	0.431125677684738	0.430880130662732	0.407487324445415	0.359659455552214	0.351646743007668	0.355926249772699	0.480688167369325	0.349531795043365	0.37682269736981	0.344174082483479	0.463295669373776	0.0326521202251742	0.38517623205558	0.330336510803632	0.412474959676318	0.458291929056874	0.411163312529448	0.381166854899678	0.383115115446581	0.446183902645734	0	0.372705259742945	0.436094224512506	0.453775079680505
G48	0.420814650725661	0.399774073065538	0.413685105830016	0.461023307042089	0.363291997976158	0.430517903636457	0.390106086189034	0.372954436507565	0.384077725297477	0.352135863703332	0.431110872904111	0.424166138307016	0.4775977331129	0.348978068360060	0.408566005890049	0.397101030192571	0.352185252907234	0.458052725518293	0.409606031953576	0.416200269432075	0.375642073336085	0.387838736000206	0.330233491548328	0.101026915919693	0.40604062493411	0.432634327200012	0.388367346561620	0.408070960449112	0.390263245455454	0.464041454707427	0.458317747485663	0.447706018129355	0.338386922607147	0.41448235988066	0.410253295920775	0.382310349246468	0.374744713956446	0.449497621665243	0.36369141324077	0.392986240338994	0.422602857407066	0.385524191133295	0.350102962301838	0.414867659612167	0.420588544458059	0.371341044667291	0.354542599541272	0.440522479283193	0	0.399989306734049	0.516353161393562
G49	0.402782175788038	0.435544665800503	0.434881289664472	0.372754551643573	0.418264957014888	0.394892864207249	0.395619701266625	0.351457084667214	0.311856035799556	0.420194196577604	0.342383090046376	0.370865407911977	0.364892813484992	0.388796637575614	0.348304726491569	0.401114068504359	0.362454555541869	0	0.339197084324930	0.357480443615072	0.383795553092586	0.335008198679475	0.427381210641255	0.283130545686898	0.344697497778856	0.384896180824384	0.452310256156585	0.418574999129931	0.112363624876468	0.358805494852134	0.436132076609672	0.373539520240866	0.411680521993801	0.382737745204554	0.334557887532135	0.354169963584791	0.364364088874141	0.399459412643781	0.379481107484543	0.432979397149767	0.4019589200537	0.424124129375843	0.355850420847559	0.373300985940252	0.313956804711849	0.316414491298454	0.369922021110281	0.374973125258522	0.305828892847155	0.033193430159758	0.382964826098872
G50	0.805945751355039	0.82692784641284	0.79785592982585	0.864311785252287	0.73072999704954	0.747034384755636	0.808736485912325	0.751708153799788	0.807432485818209	0.860758330424317	0.762091238897987	0.723576057306598	0.830024508753014	0.718866889552128	0.814769093666402	0.759688767332943	0.789500168394373	0.796216083560778	0.82295959628319	0.841444820787214	0.896801672882887	0.725392350009842	0.888724909162521	0.756314702066917	0.701807362276358	0.734909867681358	0.86009907792355	0.819239907202144	0.804556631198169	0.839646129882369	0.730230258321979	0.821088135734481	0.756701715034291	0.784972531047015	0.76180374509993	0.770935500647811	0.797863740711462	0.83613359350557	0.85349009080033	0.771876560887165	0.735558279566674	0.831575370761008	0.85289411453144	0.773578770027088	0.829923126981467	0.752621978797674	0.763534090405286	0.744812170132807	0.827105154246422	0.838555424039031	0
